/*
 Navicat Premium Data Transfer

 Source Server         : localhost
 Source Server Type    : MySQL
 Source Server Version : 80017
 Source Host           : localhost:3306
 Source Schema         : jspshopping

 Target Server Type    : MySQL
 Target Server Version : 80017
 File Encoding         : 65001

 Date: 22/12/2021 19:01:30
*/

SET NAMES utf8mb4;
SET FOREIGN_KEY_CHECKS = 0;

-- ----------------------------
-- Table structure for tb_address
-- ----------------------------
DROP TABLE IF EXISTS `tb_address`;
CREATE TABLE `tb_address`  (
  `id` int(11) NOT NULL AUTO_INCREMENT,
  `region` text CHARACTER SET utf8 COLLATE utf8_bin NULL COMMENT '省/直辖市,市,区/县,乡/镇/街道办',
  `detail` text CHARACTER SET utf8 COLLATE utf8_bin NULL COMMENT '具体地址',
  `uid` int(11) NOT NULL COMMENT '用户id',
  `name` varchar(20) CHARACTER SET utf8 COLLATE utf8_bin NOT NULL COMMENT '收件人',
  `phone` varchar(20) CHARACTER SET utf8 COLLATE utf8_bin NOT NULL COMMENT '手机号',
  `level` int(2) NULL DEFAULT 1 COMMENT '地址优先级 1默认定制 2备选地址',
  PRIMARY KEY (`id`) USING BTREE
) ENGINE = InnoDB AUTO_INCREMENT = 14 CHARACTER SET = utf8 COLLATE = utf8_bin ROW_FORMAT = Dynamic;

-- ----------------------------
-- Records of tb_address
-- ----------------------------
INSERT INTO `tb_address` VALUES (9, '福建省,福州市,平潭县,潭城镇', '翻斗大街翻斗花园二号楼1001室', 12, '胡图图', '123456789', 1);
INSERT INTO `tb_address` VALUES (10, '上海市,市辖区,黄浦区', '和平饭店附近的修车棚子', 12, '王者荣耀', '12333355661', 0);
INSERT INTO `tb_address` VALUES (13, '山东省,聊城市,东阿县,姚寨镇', '和平大道999号', 14, 'wink', '13333233', 1);

-- ----------------------------
-- Table structure for tb_cart
-- ----------------------------
DROP TABLE IF EXISTS `tb_cart`;
CREATE TABLE `tb_cart`  (
  `id` int(11) NOT NULL AUTO_INCREMENT,
  `gid` int(11) NOT NULL COMMENT '商品id',
  `quantity` int(11) NULL DEFAULT 1 COMMENT '数量',
  `size` varchar(100) CHARACTER SET utf8 COLLATE utf8_bin NULL DEFAULT NULL COMMENT '尺寸/规格',
  `uid` int(11) NULL DEFAULT NULL COMMENT '用户id',
  PRIMARY KEY (`id`, `gid`) USING BTREE
) ENGINE = InnoDB AUTO_INCREMENT = 64 CHARACTER SET = utf8 COLLATE = utf8_bin ROW_FORMAT = Dynamic;

-- ----------------------------
-- Records of tb_cart
-- ----------------------------
INSERT INTO `tb_cart` VALUES (61, 16, 1, 'S', 12);

-- ----------------------------
-- Table structure for tb_category
-- ----------------------------
DROP TABLE IF EXISTS `tb_category`;
CREATE TABLE `tb_category`  (
  `id` int(11) NOT NULL AUTO_INCREMENT,
  `name` varchar(255) CHARACTER SET utf8 COLLATE utf8_bin NULL DEFAULT NULL,
  PRIMARY KEY (`id`) USING BTREE
) ENGINE = InnoDB AUTO_INCREMENT = 1 CHARACTER SET = utf8 COLLATE = utf8_bin ROW_FORMAT = Dynamic;

-- ----------------------------
-- Records of tb_category
-- ----------------------------
INSERT INTO `tb_category` VALUES (1, '运动服饰');
INSERT INTO `tb_category` VALUES (2, '运动用品');
INSERT INTO `tb_category` VALUES (3, '运动补给');

-- ----------------------------
-- Table structure for tb_goods
-- ----------------------------
DROP TABLE IF EXISTS `tb_goods`;
CREATE TABLE `tb_goods`  (
  `id` int(11) NOT NULL AUTO_INCREMENT,
  `name` varchar(100) CHARACTER SET utf8 COLLATE utf8_bin NOT NULL,
  `price` double(11, 0) NULL DEFAULT NULL COMMENT '价格',
  `discount` decimal(4, 2) UNSIGNED NULL DEFAULT 1.00 COMMENT '折扣 默认1',
  `quantity` int(11) NULL DEFAULT 99 COMMENT '数量',
  `picture` varchar(300) CHARACTER SET utf8 COLLATE utf8_bin NULL DEFAULT NULL COMMENT '首图',
  `description` text CHARACTER SET utf8 COLLATE utf8_bin NULL COMMENT '描述',
  `categoryid` int(4) NULL DEFAULT NULL COMMENT '种类id',
  `others` text CHARACTER SET utf8 COLLATE utf8_bin NULL COMMENT '更多图片 链接用,,,隔开',
  `sale` int(11) NULL DEFAULT 0 COMMENT '销量',
  `sizes` varchar(200) CHARACTER SET utf8 COLLATE utf8_bin NULL DEFAULT NULL COMMENT '尺码合集 用,隔开',
  `status` int(4) NULL DEFAULT 1 COMMENT '商品状态 0 下架；1 在售',
  PRIMARY KEY (`id`) USING BTREE
) ENGINE = InnoDB AUTO_INCREMENT = 45 CHARACTER SET = utf8 COLLATE = utf8_bin ROW_FORMAT = Dynamic;

-- ----------------------------
-- Records of tb_goods
-- ----------------------------
INSERT INTO `tb_goods` VALUES (1, 'adidas neo W ESNTL3S WB 新款运动夹克外套', 480, 0.80, 99, 'https://img.adidas.com.cn/resources/2021/7/2/1625222162703275.JPG?x-oss-process=image/resize,m_pad,w_500,h_500,limit_0,color_ffffff', '\r\n\r\n无需不停地解释与辩白，让这款adidas neo三条纹风衣外套为你发声。简约运动风，与你珠联璧合。\r\n\r\n采用Primegreen运动表现型面料，原料为再生材质。\r\n', 1, 'https://img.adidas.com.cn/resources/2021/7/2/16252221628212466.JPG?x-oss-process=image/resize,m_pad,w_500,h_500,limit_0,color_ffffff,,,https://img.adidas.com.cn/resources/2021/7/2/16252221629545367.JPG?x-oss-process=image/resize,m_pad,w_500,h_500,limit_0,color_ffffff,,,https://img.adidas.com.cn/resources/2021/7/2/16252221632488804.JPG?x-oss-process=image/resize,m_pad,w_500,h_500,limit_0,color_ffffff', 2, 'S,M,L,XL,XXL,3XL', 1);
INSERT INTO `tb_goods` VALUES (2, 'Venum Impact 拳击手套', 620, 0.80, 99, 'https://www.venum.com.cn/media/catalog/product/cache/3d6373dfdbd8bf7042581a31874a0831/7/4/74ce4135378d82a0f66953e3801d9565cd92fa18_BG_IMPACT_BLACK_GOLD_1500_01__1_.jpg', '\r\n\r\nVenum Impact 拳击手套 ：把对手全部击倒。\r\n\r\n这款 Venum Impact 拳击手套 可跟他们来真的：这件真正的大规模杀伤性武器将帮助您粉碎所有对手。\r\n\r\n特有的三重密度泡沫特别设计以完全附着的拇指来保护双手以避免受伤。\r\n\r\n有备无患：长袖口可以改善手腕的保护，而掌心网状面板则可保持手部凉爽。\r\n\r\n坚持不懈地战斗，全力以赴。 让每个对手都倒在地板上。', 2, 'https://www.venum.com.cn/media/catalog/product/cache/91981264edb3dd07a6a748b8e0dac630/1/8/18452cdb3cc5db326677652c8460418f1e9c1277_BG_IMPACT_BLACK_GOLD_1500_03__1_.jpg,,,https://www.venum.com.cn/media/catalog/product/cache/3d6373dfdbd8bf7042581a31874a0831/6/a/6aa644984de0db06f2d023396b625a57859e0922_BG_IMPACT_BLACK_GOLD_1500_04__1_.jpg', 0, '8 OZ,10 OZ,12 0Z,14 OZ,16 OZ', 1);
INSERT INTO `tb_goods` VALUES (3, 'MYPROTEIN Impact乳清蛋白粉 - 红宝石巧克力口味', 180, 1.00, 99, 'https://static.thgcdn.cn/images/large/webp//productimg/1600/1600/13043418-1164903943596209.jpg', '您准备好迎接全新的巧克力味觉体验了吗？我们对巧克力的期待在今天又有了新的提升。\r\n\r\n让红宝石巧克力口味的Impact乳清蛋白粉带您纵享美味的世界，品味柔滑、甜美的红宝石巧克力口味，摄入日常所需的蛋白质。', 3, 'https://static.thgcdn.cn/images/small/webp//productimg/130/130/13043418-1814903943631966.jpg', 1, '红宝石巧克力口味', 1);
INSERT INTO `tb_goods` VALUES (4, 'Under Armour 安德玛女士UA RUSH运动内衣BRA', 590, 0.60, 99, 'https://assets.underarmour.cn/is/image/Underarmour/V5-1363485-001_FC?scl=1&fmt=jpg&qlt=80&size=0,818&wid=654&hei=796&extend=0,0,0,0&cache=on,off&resMode=sharp2&bgc=f0f0f0', '科技介绍\r\n\r\n    身体释放能量后，矿物成分面料捕捉热量，回馈热能，有助于激发运动耐力\r\n    有助保持装备内部洁净清新\r\n    Celliant纺织技术\r\n\r\n商品细节\r\n\r\n    为跑步、球类、田径等高强度运动而设计，有助于为关键部位提供稳固支撑\r\n    发泡材料衬垫有助于增加包覆并强化支撑，同时保持通风\r\n    配有网眼布镶面，透气通风\r\n    平滑的吸汗带采用钩扣设计，便于脱卸\r\n    开放式后背搭配可调节交叉式扣带\r\n    柔滑的丝质面料弹力良好，又不失结实', 1, 'https://assets.underarmour.cn/is/image/Underarmour/V5-1363485-001_BC?scl=1&fmt=jpg&qlt=80&size=0,818&wid=654&hei=796&extend=0,0,0,0&cache=on,off&resMode=sharp2&bgc=f0f0f0,,,https://assets.underarmour.cn/is/image/Underarmour/V5-1363485-001_LDF_SL?scl=1&fmt=jpg&qlt=80&size=468,584&wid=654&hei=796&extend=0,0,0,0&cache=on,off&resMode=sharp2&bgc=f0f0f0,,,https://assets.underarmour.cn/is/image/Underarmour/V5-1363485-001_LDB_SL?scl=1&fmt=jpg&qlt=80&size=468,584&wid=654&hei=796&extend=0,0,0,0&cache=on,off&resMode=sharp2&bgc=f0f0f0', 0, 'S,M,L,XL,XXL,3XL', 1);
INSERT INTO `tb_goods` VALUES (5, 'Nike Air Monarch IV', 549, 1.00, 99, 'https://static.nike.com/a/images/t_PDP_864_v1/f_auto,b_rgb:f5f5f5/f9a8deaa-87f2-4191-92b8-c7661aae48de/air-monarch-4-%E7%94%B7%E5%AD%90%E8%AE%AD%E7%BB%83%E9%9E%8B-53xBVK.png', 'Nike Air Monarch IV 男子训练鞋为你打造出众训练装备，耐穿鞋面提供有效支撑。轻盈泡绵结合 Nike Air 缓震配置，塑就舒适非凡的迈步体验。', 2, 'https://static.nike.com/a/images/t_PDP_864_v1/f_auto,b_rgb:f5f5f5/05c4d7ab-961f-4047-9557-ad19db51b6f6/air-monarch-4-%E7%94%B7%E5%AD%90%E8%AE%AD%E7%BB%83%E9%9E%8B-53xBVK.png,,,https://static.nike.com/a/images/t_PDP_864_v1/f_auto,b_rgb:f5f5f5/2013aa36-3cf6-46a0-ad9a-cd5ff7927a11/air-monarch-4-%E7%94%B7%E5%AD%90%E8%AE%AD%E7%BB%83%E9%9E%8B-53xBVK.png,,,https://static.nike.com/a/images/t_PDP_864_v1/f_auto,b_rgb:f5f5f5/a3ce45dc-21a3-4b34-ad29-cc09ec142136/air-monarch-4-%E7%94%B7%E5%AD%90%E8%AE%AD%E7%BB%83%E9%9E%8B-53xBVK.png', 0, 'S,M,L,XL,XXL,3XL', 1);
INSERT INTO `tb_goods` VALUES (6, 'Under Armour 安德玛男士UA Seamless短袖T恤', 520, 0.70, 99, 'https://assets.underarmour.cn/is/image/Underarmour/V5-1361131-001_FC?scl=1&fmt=jpg&qlt=80&size=0,818&wid=654&hei=796&extend=0,0,0,0&cache=on,off&resMode=sharp2&bgc=f0f0f0', '\r\n科技介绍\r\n\r\n    弹性拉伸构造，有助于改善运动灵活性\r\n    舒适面料，有助于带来干爽舒适的穿着体验\r\n\r\n商品细节\r\n\r\n    柔软织物，合您所需\r\n    舒适贴身的构造，有助于减轻皮肤摩擦\r\n\r\n材质说明\r\n\r\n    主要面料：聚酯纤维，锦纶\r\n\r\n洗涤说明\r\n\r\n    与同色衣物冷水机洗\r\n    不可漂白\r\n    低温滚筒干燥\r\n    不可熨烫\r\n    不可使用软化剂\r\n    不可干洗', 1, 'https://assets.underarmour.cn/is/image/Underarmour/V5-1361131-001_BC?scl=1&fmt=jpg&qlt=80&size=0,818&wid=654&hei=796&extend=0,0,0,0&cache=on,off&resMode=sharp2&bgc=f0f0f0,,,https://assets.underarmour.cn/is/image/Underarmour/V5-1361131-001_FSF?scl=1&fmt=jpg&qlt=80&size=0,818&wid=654&hei=796&extend=0,0,0,0&cache=on,off&resMode=sharp2&bgc=f0f0f0,,,https://assets.underarmour.cn/is/image/Underarmour/PS1361131-001_HF?scl=1&fmt=jpg&qlt=80&size=468,584&wid=654&hei=796&extend=0,0,0,0&cache=on,off&resMode=sharp2&bgc=f0f0f0', 0, 'S,M,L,XL,XXL,3XL', 1);
INSERT INTO `tb_goods` VALUES (7, 'Under Armour安德玛 ColdGear® Reactor Insulated马甲', 890, 1.00, 99, 'https://static.underarmour.cn/cn/prod/resources/nprdimg/2019/12/16/15764855878846305_654X796.png', '\r\n科技介绍\r\n\r\n    UA Storm技术有助于透气通风\r\n    ColdGear® Reactor保温隔层帮助适应多种活动，有助于让你保持舒适\r\n    弹性拉伸构造，有助于改善运动灵活性\r\n    透气面料，有助于身体保持干爽舒适\r\n\r\n商品细节\r\n\r\n    前身采用柔滑的梭织面料，轻质而格外耐用\r\n    侧面及背部的镶面采用针织面料，内层为柔软的拉绒“节点”构造，助力为运动提供良好的温度与空气流通\r\n    拉链插手口袋\r\n    反光设计细节，有助于提高在弱光环境中跑步时的可视度\r\n    正面拉链采用内置钩扣开合\r\n    定型下摆设计，有助于增强包覆\r\n\r\n材质说明\r\n\r\n    主要面料：聚酯纤维，锦纶，氨纶', 1, 'https://static.underarmour.cn/cn/prod/resources/nprdimg/2019/12/16/15764855827564168_654X796.png,,,https://static.underarmour.cn/cn/prod/resources/nprdimg/2019/12/16/15764855784892684_654X796.png,,,https://static.underarmour.cn/cn/prod/resources/nprdimg/2019/12/16/15764855716735993_654X796.png', 0, 'S,M,L,XL,XXL,3XL', 1);
INSERT INTO `tb_goods` VALUES (8, 'MYPROTEIN Impact 乳清蛋白粉 1kg', 148, 1.00, 99, 'https://static.thgcdn.cn/images/large/webp//productimg/1600/1600/10530943-1224889444460882.jpg', '优质、青草喂养乳清，每份富含高达21 克蛋白质* 提供人体所需高质量蛋白质来源。\r\n\r\n它来源于哪儿呢，又是用什么制造的？ 其实它源于日常生活中生产我们所喝牛奶和所食奶酪的奶牛。 我们对其过滤，蒸发和喷雾干燥，以产生全天然的营养\r\n\r\n由独立测试网站 Labdoor 评为 A 级产品，兼具质量和价值。Impact乳清蛋白粉被官方认证为市场上最好的蛋白粉产品之一。\r\n\r\n它也提供了必须的氨基酸来源，包括 4.5 克支链氨基酸（是在运动前、中、后会形成新蛋白质的构成单位），同时含有 3.6 克谷氨酰胺，可以帮助肌肉形成。.\r\n\r\n仅含有 1.9 克脂肪和 1 克碳水化合物，Impact乳清蛋白粉适用于所有训练目标，并且有多重让人垂涎的口味可以选择。\r\n\r\n目前还上线了抹茶新口味！', 3, 'https://static.thgcdn.cn/images/large/webp//productimg/1600/1600/10530943-4134889444511789.jpg', 6, '茉莉绿茶拿铁味,黑糖奶茶味,巧克太妃布丁味,曲奇奶油味,英式奶茶味', 1);
INSERT INTO `tb_goods` VALUES (9, 'MYPROTEIN 大豆分离蛋白粉', 480, 0.60, 99, 'https://static.thgcdn.cn/images/large/original//productimg/1600/1600/10529701-1724835571924615.jpg', '我们的大豆蛋白分离蛋白是素食者，素食主义者和那些有特殊饮食要求（如乳糖不耐症）的人极佳的选择。\r\n\r\n我们采用脱脂大豆制作而成，采用创新工艺将脂肪和碳水化合物减至最少，并将蛋白质含量最大化，每份均富含27克蛋白质。\r\n\r\n其结果是？ 一种’s 适合任何希望增加每日蛋白质摄入量而不想摄入不需要的卡路里的人的补充剂。\r\n本产品由哪些好处？\r\n\r\n蛋白质有助于肌肉质量的增长和维持，使大豆蛋白质分离物成为各类培训目标的绝佳补充剂 – 无论您 ’re 是试图增加卧推量还是减少您的跟踪营养时间。\r\n\r\nIt’s 一种基于植物的蛋白质，使其完全适合素食，严素食和乳糖不耐症人群 \r\n\r\n从四中口味重选择一款喜欢的 – 巧克力、奶油草莓、香草、和抹茶 ', 3, 'https://static.thgcdn.cn/images/large/original//productimg/1600/1600/10529701-2504835571969663.jpg', 0, NULL, 1);
INSERT INTO `tb_goods` VALUES (10, 'MYPROTEIN 纯天然花生酱 1kg', 88, 1.00, 99, 'https://static.thgcdn.cn/images/xsmall/webp//productimg/original/10530743-1564859351688231.jpg', 'Myprotein 再次推出了一款具有更高标准的美味天然花生酱。本品仅以花生的天然棕色外皮烤制而成，拥有格外丰富强大的营养，口感美味而且不添加盐、糖、棕榈油和防腐剂，可陪伴您实现各种训练目标。', 3, '', 3, NULL, 1);
INSERT INTO `tb_goods` VALUES (11, 'MYPROTEIN POP ROLLS 18*30g', 208, 1.00, 99, 'https://static.thgcdn.cn/images/large/webp//productimg/1600/1600/12590686-4584827977808651.jpg', '吃零食很难，尤其是当你想要保持低卡路里摄入量的时候。这就是为什么我们为你设计了Pop Roll。\r\n\r\n每条巧克力棒都含有超过7克的高质量蛋白质和低于100卡路里的热量，它们是抑制你对甜食的渴望和保持饮食正常的完美方法。', 3, 'https://static.thgcdn.cn/images/xsmall/webp//productimg/1600/1600/12590685-9054827977696547.jpg,,,https://static.thgcdn.cn/images/large/webp//productimg/1600/1600/12590686-9864827977869656.jpg,,,https://static.thgcdn.cn/images/large/webp//productimg/1600/1600/12590686-2044827977925480.jpg', 0, 'White Choc Peanut', 1);
INSERT INTO `tb_goods` VALUES (12, 'MYPROTEIN 六层夹心高蛋白棒 12*60g', 198, 1.00, 99, 'https://static.thgcdn.cn/images/large/original//productimg/1600/1600/12116521-1674722549069642.jpg', '升级你的高蛋白零食; 具有六层内馅，带来极丰富地绝佳口感，高蛋白质和低糖含量，是一款绝对令人难以抗拒的高蛋白点心。', 3, 'https://static.thgcdn.cn/images/large/original//productimg/1600/1600/13030843-1774897223951556.jpg,,,https://static.thgcdn.cn/images/large/original//productimg/1600/1600/12385227-1014770153106611.jpg,,,https://static.thgcdn.cn/images/large/original//productimg/1600/1600/12385227-1364853153866317.jpg,,,https://static.thgcdn.cn/images/large/original//productimg/1600/1600/12385227-7264770153255969.jpg', 12, '草莓味,黑糖珍奶茶味,巧克力圣代味,曲奇奶油味,英式奶茶味', 1);
INSERT INTO `tb_goods` VALUES (13, 'Under Armour 安德玛男士UA Rival Colorblock抓绒拉链连帽上衣', 349, 1.00, 99, 'https://static.underarmour.cn/cn/prod/resources/nprdimg/2021/4/1/16172741469152935_FC.png?x-oss-process=image/resize,m_pad,w_654,h_796,limit_0,color_ffffff', '\r\n商品细节\r\n\r\n    混棉抓绒面料，轻质而舒适\r\n    柔软内层有助于带来温暖舒适的穿着体验\r\n    开放式插手口袋\r\n    罗纹袖口与下摆\r\n    连肩袖设计\r\n\r\n材质说明\r\n\r\n    主要面料：棉，聚酯纤维\r\n\r\n洗涤说明\r\n\r\n    将衣物翻面洗涤\r\n    与同色衣物冷水机洗\r\n    必要时仅使用无氯漂白剂\r\n    低温滚筒干燥\r\n    不可熨烫\r\n    不可使用软化剂\r\n    不可干洗', 1, 'https://static.underarmour.cn/cn/prod/resources/nprdimg/2021/4/1/16172741467342839_BC.png?x-oss-process=image/resize,m_pad,w_654,h_796,limit_0,color_ffffff,,,https://static.underarmour.cn/cn/prod/resources/nprdimg/2021/4/1/16172741470795627_FSF.png?x-oss-process=image/resize,m_pad,w_654,h_796,limit_0,color_ffffff,,,https://assets.underarmour.cn/is/image/Underarmour/PS1361605-001_HF?scl=1&fmt=jpg&qlt=80&size=468,584&wid=654&hei=796&extend=0,0,0,0&cache=on,off&resMode=sharp2&bgc=f0f0f0', 0, 'S,M,L,XL,XXL,3XL', 1);
INSERT INTO `tb_goods` VALUES (14, 'Under Armour 安德玛女士UA Summit Oversize Crew针织圆领运动衣', 649, 1.00, 99, 'https://assets.underarmour.cn/is/image/Underarmour/V5-1369562-001_FC?scl=1&fmt=jpg&qlt=80&size=0,818&wid=654&hei=796&extend=0,0,0,0&cache=on,off&resMode=sharp2&bgc=f0f0f0', '\r\n科技介绍\r\n\r\n    有助于带来干爽舒适的穿着体验\r\n    弹性拉伸构造，有助于改善运动灵活性\r\n\r\n商品细节\r\n\r\n    双层针织面料质地柔软而有弹性，有助于提升舒适度和运动灵活性\r\n    隐藏式侧边拉链设计有助于干爽\r\n    落肩设计，版型较宽松\r\n\r\n材质说明\r\n\r\n    主要面料：聚酯纤维，棉，氨纶\r\n\r\n洗涤说明\r\n\r\n    将衣物翻面洗涤\r\n    与同色衣物冷水机洗\r\n    低温滚筒干燥\r\n    不可熨烫\r\n    不可使用柔软剂\r\n    不可干洗', 1, 'https://assets.underarmour.cn/is/image/Underarmour/V5-1369562-001_BC?scl=1&fmt=jpg&qlt=80&size=0,818&wid=654&hei=796&extend=0,0,0,0&cache=on,off&resMode=sharp2&bgc=f0f0f0,,,https://assets.underarmour.cn/is/image/Underarmour/V5-1369562-001_FSF?scl=1&fmt=jpg&qlt=80&size=0,818&wid=654&hei=796&extend=0,0,0,0&cache=on,off&resMode=sharp2&bgc=f0f0f0,,,https://assets.underarmour.cn/is/image/Underarmour/PS1369562-001_HF?scl=1&fmt=jpg&qlt=80&size=468,584&wid=654&hei=796&extend=0,0,0,0&cache=on,off&resMode=sharp2&bgc=f0f0f0', 0, 'S,M,L,XL,XXL,3XL', 1);
INSERT INTO `tb_goods` VALUES (15, 'Under Armour 安德玛男士UA HOVR Phantom 2 INKNT ABC跑鞋', 1299, 1.00, 99, 'https://static.underarmour.cn/cn/prod/resources/nprdimg/2021/9/28/16328110485814013_DEFAULT.png?x-oss-process=image/resize,m_pad,w_654,h_796,limit_0,color_ffffff', '\r\n科技介绍\r\n\r\n    UA HOVR技术有助于提供轻盈体验，维持能量回馈，帮助双脚缓冲\r\n    平衡设计：兼顾跑者对灵活性与缓震性的需求\r\n\r\n商品细节\r\n\r\n    强力伸缩型能量网格设计，通过UA HOVR发泡材料帮助回馈脚步蹬踏能量\r\n    精心设计的平针织物鞋面有助于为双足提供所需的柔韧支撑以及舒适的贴合感\r\n    模塑中足镶面，丰富设计结构，帮助强化鞋内缓震\r\n    SpeedForm 2.0鞋垫有助于带来柔软的足底支撑\r\n    全掌橡胶外底呈现出特殊的凸粒纹路，有助于提升抓地力，结实耐用\r\n    外跟支撑垫有助于带来良好而稳定的足底支撑\r\n    根据手动42.5码检测重量约为305g，不同尺码会有相应差异', 2, 'https://static.underarmour.cn/cn/prod/resources/nprdimg/2021/9/28/16328110484745705_A.png?x-oss-process=image/resize,m_pad,w_654,h_796,limit_0,color_ffffff,,,https://static.underarmour.cn/cn/prod/resources/nprdimg/2021/9/28/16328110488006948_SOLE.png?x-oss-process=image/resize,m_pad,w_654,h_796,limit_0,color_ffffff,,,https://static.underarmour.cn/cn/prod/resources/nprdimg/2021/9/28/16328110487003660_PAIR.png?x-oss-process=image/resize,m_pad,w_654,h_796,limit_0,color_ffffff', 0, 'S,M,L,XL,XXL,3XL', 1);
INSERT INTO `tb_goods` VALUES (16, 'UFC｜ VENUM AUTHENTIC格斗之夜男士外套 - 冠军色', 1058, 1.00, 99, 'https://www.venum.com.cn/media/catalog/product/cache/3d6373dfdbd8bf7042581a31874a0831/f/0/f0d8499fc80c9a0467d551dc43fed7cd334d7187_VNMUFC_00004_126_01F.jpg', 'Venum Fight Night连帽外套是MMA，Venum和UFC的两个历史符号之间独家合作的结晶。时尚的连帽衫有3种颜色可供选择，并与同一系列的慢跑系列配衬。\n\n搏击之夜帽衫合身舒适，并配有旨在满足世界一流运动员需求的细节。\n\n面料轻巧透气，同时保持略带弹力，提供最大的舒适度和运动自由度。袖子可调节，使运动员戴着MMA手套时可以穿上或脱下外套。\n  \n《搏击之夜》系列是VENUM x UFC系列的主要产品。这些精巧的服装将在UFC的所有比赛中由战斗参赛者穿着。', 1, 'https://www.venum.com.cn/media/catalog/product/cache/91981264edb3dd07a6a748b8e0dac630/f/d/fdbf5aa5c825d44300ea72284b982909f2bb511c_VNMUFC_00004_126_05B.jpg,,,https://www.venum.com.cn/media/catalog/product/cache/91981264edb3dd07a6a748b8e0dac630/f/8/f8a25fa50ba731e5184510138576a38ce85bd0fe_VNMUFC_00004_126_03.jpg,,,https://www.venum.com.cn/media/catalog/product/cache/91981264edb3dd07a6a748b8e0dac630/0/4/0479126f55b42545b21746e9386c20a6c55d17c7_VNMUFC_00004_126_07.jpg,,,', 64, 'S,M,L,XL,XXL,3XL', 1);
INSERT INTO `tb_goods` VALUES (17, 'UFC｜ VENUM AUTHENTIC格斗之夜女士运动文胸 - 黄色', 308, 1.00, 99, 'https://www.venum.com.cn/media/catalog/product/cache/3d6373dfdbd8bf7042581a31874a0831/c/f/cf7f2a28f4042c6a50107c77c2c7e22732e01cb9_VNMUFC_00011_006_01F.jpg', '\r\n\r\nFight Night文胸兼具舒适性和时尚感，可为您的训练提供可调节的契合度。\r\n\r\n搏击之夜文胸专为满足世界一流运动员的期望而设计。\r\n\r\n它的细带子和耐用的松紧带可实现最大的移动性，柔软而柔软的泡沫垫提供自然的支撑。\r\n\r\n搏击之夜文胸是MMA的两个历史标志（UFC和Venum）之间独家合作的结晶。\r\n\r\n\r\n这款锋利而优雅的文胸有7种颜色可供选择，可与同一系列的压力短裤搭配。\r\n\r\n《搏击之夜》系列是VENUM x UFC系列的主要产品。这些精巧的服装将在UFC的所有比赛中由参赛者穿着。', 1, 'https://www.venum.com.cn/media/catalog/product/cache/91981264edb3dd07a6a748b8e0dac630/9/1/9155f6d17c65f7f46b131d517f838929f59a0ee6_VNMUFC_00011_006_04B.jpg,,,https://www.venum.com.cn/media/catalog/product/cache/91981264edb3dd07a6a748b8e0dac630/a/2/a228b2db85e3b7b48ce37656eddace32e155e96d_VNMUFC_00011_006_02.jpg,,,https://www.venum.com.cn/media/catalog/product/cache/91981264edb3dd07a6a748b8e0dac630/8/7/8747ae71a14209a5b603dd75d60c0e6199870c6c_VNMUFC_00011_006_03.jpg,,,https://www.venum.com.cn/media/catalog/product/cache/91981264edb3dd07a6a748b8e0dac630/2/1/2150109f791f90e5cfe3dc945c431f2d72c9fee2_VNMUFC_00011_006_05.jpg', 23, 'S,M,L,XL,XXL,3XL', 1);
INSERT INTO `tb_goods` VALUES (18, 'Venum Arrow箭头拳击手套Loma版', 700, 0.85, 99, 'https://www.venum.com.cn/media/catalog/product/cache/0369c264f0778acc1303a2e198b9b9a3/a/4/a4d4c8c392ce9c7cd384e83f77842881f33a7a2b_BG_ARROW_LOMA_WHITE_1500_02.jpg', '\r\n\r\n“洛马”签名系列是为大多数运动员设计的。对于希望产品能够提供舒适、保护和耐久的有经验的拳击手和/或初学者来说，这是一个理想的选择。\r\n\r\n由三重密度泡沫填充物制成的手套为您的双手，特别是指关节提供最佳保护。箭头手套适用于拳击、技术训练、沙袋训练、对练等多种不同情况。\r\n\r\n这些拳击手套具有完美平衡的填充物，经过建模，可在碰撞时方便拳头正确闭合，这是一项基本属性，并且通过减轻疲劳以满足长时间训练的要求。通过最小化手部的收缩力，每一次打击的速度和执行力都会因手臂的放松而提高。\r\n\r\n另一个优点是，手掌配备了缓冲垫，有助于在高强度训练是吸收冲击力。\r\n\r\n手掌和拇指内侧的透气孔提供适合长时间高强度训练的热调节。\r\n\r\n“高科技”（洛马琴科的昵称）的设计一直是这款手套的概念前沿。使用像素图案去打造其现代时尚感。这款洛马手套的设计经久耐用，接缝加固，采用高电阻合成涂层。能够陪伴您每周进行多次艰苦训练。\r\n\r\n这款手套也非常多功能，可以用于西方拳击，泰拳，踢拳或健身。', 2, 'https://www.venum.com.cn/media/catalog/product/cache/91981264edb3dd07a6a748b8e0dac630/6/2/62b3b79855e72c22920385cb35cdf7e4b9850c09_BG_ARROW_LOMA_WHITE_1500_01.jpg,,,https://www.venum.com.cn/media/catalog/product/cache/91981264edb3dd07a6a748b8e0dac630/d/4/d4a13bd9a7b0c25873aae28e67ed759201781aa6_IMG_0132.jpg,,,https://www.venum.com.cn/media/catalog/product/cache/91981264edb3dd07a6a748b8e0dac630/a/1/a1806e52f94a2ac864e7bd532432c56f0099ed25_IMG_0134.jpg', 0, '', 1);
INSERT INTO `tb_goods` VALUES (19, 'Venum Kontact Evo护胫', 491, 1.00, 99, 'https://www.venum.com.cn/media/catalog/product/cache/3d6373dfdbd8bf7042581a31874a0831/8/1/81d374b530d707c6aace3405f278452c50e3b11e_SHINGUARDS_KONTACT_EVO_BLACK_GOLD_1500_01__1_.jpg', 'Venum“ Kontact Evo”护胫经过精心设计，可以随胫骨和脚背的运动自然弯曲，为您提供最符合人体工学的保护。\r\n其灵活的弹性带，可以适合您的任何位置和腿部形状，从而在剧烈运动中增强安全性和灵活性。Venum“ Kontact Evo”护胫塑造您的腿部轮廓，成为您第二层坚固的皮肤，具有超强的通用性，并适用于多种格斗运动：终极格斗，泰拳，跆拳道，空手道，跆拳道–\r\nVenum“ Kontact Evo”护胫采用低矮的结构设计，精心设计的增强泡沫，由脚背伸展到小腿。Venum“ Kontact Evo”护胫可为您提供最佳防护，确保在进攻或防御阶段提供出色的缓冲。\r\n开放区域和网眼面板的设计旨在促进出汗\r\nVenum“ Kontact Evo”护胫的3D压纹设计，可通过极强牵引力帮助您提升下蹲和爬行技术。Venum“ Kontact Evo”护胫使您的动作更加稳定，您能够更加灵活的进行技巧部署', 2, 'https://www.venum.com.cn/media/catalog/product/cache/91981264edb3dd07a6a748b8e0dac630/5/b/5b9cb2652dc88a2e222abb5b6bc65fd53c3a1c64_SHINGUARDS_KONTACT_EVO_BLACK_GOLD_1500_02.jpg,,,https://www.venum.com.cn/media/catalog/product/cache/91981264edb3dd07a6a748b8e0dac630/6/c/6c0dfe1c8dfbd20d816baf865052b6820f420487_SHINGUARDS_KONTACT_EVO_BLACK_GOLD_1500_03.jpg,,,https://www.venum.com.cn/media/catalog/product/cache/91981264edb3dd07a6a748b8e0dac630/f/8/f8d6d4bfdeafd26ced721d8005ae1ec50ad98bc7_SHINGUARDS_KONTACT_EVO_BLACK_GOLD_1500_04.jpg,,,https://www.venum.com.cn/media/catalog/product/cache/91981264edb3dd07a6a748b8e0dac630/e/1/e16c1aee30d0ea62369508056c8e5e16a1300196_SHINGUARDS_KONTACT_EVO_BLACK_GOLD_1500_05.jpg', 0, NULL, 1);
INSERT INTO `tb_goods` VALUES (20, 'UFC｜ VENUM AUTHENTIC格斗周装备包', 798, 1.00, 99, 'https://www.venum.com.cn/media/catalog/product/cache/3d6373dfdbd8bf7042581a31874a0831/6/e/6e80ebaf358427029a355bf5af5d45860c7ba339_VNMUFC_00053_108_01F.jpg', '随身携带UFC x Venum Fight Week行李袋，随时随地代表UFC。\r\n\r\n\r\n对比色荧光黄衬里使您可以快速轻松地找到设备。\r\n\r\n不必再浪费时间在更衣室里寻找您的护齿器了。\r\n\r\n\r\nFight Night行李袋包括内部网眼袋，可确保较小物品的安全稳固，而较大的通风隔层可存放鞋子。 “ Fight Night”行李箱带有两个加固的手柄和带衬垫的肩带，是在旅途中随身携带的便捷选择', 2, 'https://www.venum.com.cn/media/catalog/product/cache/91981264edb3dd07a6a748b8e0dac630/3/c/3c24728a2a5addfa2ea647b0cdbaa63701f41091_VNMUFC_00053_108_03__1_.jpg,,,https://www.venum.com.cn/media/catalog/product/cache/91981264edb3dd07a6a748b8e0dac630/7/b/7bd4f35527c20c3e1dea90f8efab73f046f52861_VNMUFC_00053_108_04__1_.jpg,,,https://www.venum.com.cn/media/catalog/product/cache/91981264edb3dd07a6a748b8e0dac630/2/b/2b5d249827ddb838d33b05bb8b977a3b6b5cbc74_VNMUFC_00053_108_10__1_.jpg,,,https://www.venum.com.cn/media/catalog/product/cache/91981264edb3dd07a6a748b8e0dac630/4/3/43027459b2d3d86329bb329fdc70d54182c632e1_VNMUFC_00053_108_18.jpg', 0, NULL, 1);
INSERT INTO `tb_goods` VALUES (21, 'Under Armour 安德玛男女同款UA Hustle 3.0双肩背包', 500, 0.68, 99, 'https://assets.underarmour.cn/is/image/Underarmour/1294720-013_SLF_SL?scl=1&fmt=jpg&qlt=80&size=468,584&wid=654&hei=796&extend=0,0,0,0&cache=on,off&resMode=sharp2&bgc=f0f0f0', '科技介绍\r\n\r\n    采用UA Storm技术的涂层有助于赋予背包表面良好的耐候性\r\n    可调节HeatGear®肩带，有助于提升舒适度\r\n\r\n商品细节\r\n\r\n    坚韧的耐磨损底板\r\n    柔软内衬的笔记本电脑隔层能容纳笔记本\r\n    前置防泼水贵重物品袋，有助于使您的物品安全无虞\r\n    正面底部配有大号带撑板衣物/鞋履口袋\r\n    两侧配有水壶口袋\r\n    顶部手柄\r\n    尺寸： 23.7CM x 34.5CM x 48CM（宽 x 长 x 高）\r\n    容积：28.9升', 2, 'https://assets.underarmour.cn/is/image/Underarmour/1294720-013_SLB_SL?scl=1&fmt=jpg&qlt=80&size=468,584&wid=654&hei=796&extend=0,0,0,0&cache=on,off&resMode=sharp2&bgc=f0f0f0,,,https://assets.underarmour.cn/is/image/Underarmour/1294720-013_SLFADD_SL?scl=1&fmt=jpg&qlt=80&size=468,584&wid=654&hei=796&extend=0,0,0,0&cache=on,off&resMode=sharp2&bgc=f0f0f0,,,https://assets.underarmour.cn/is/image/Underarmour/1294720-013_SLINT_SL?scl=1&fmt=jpg&qlt=80&size=468,584&wid=654&hei=796&extend=0,0,0,0&cache=on,off&resMode=sharp2&bgc=f0f0f0', 0, 'S,M,L,XL,XXL,3XL', 1);
INSERT INTO `tb_goods` VALUES (22, 'Under Armour 安德玛UA × JBL 运动无线心率耳机', 1899, 1.00, 99, 'https://static.underarmour.cn/cn/prod/resources/nprdimg/2016/11/17/14793506799427224_654X796.png', 'UA × JBL 运动无线心率耳机', 2, 'https://static.underarmour.cn/cn/prod/resources/nprdimg/2016/11/17/14793506745193033_654X796.png,,,https://static.underarmour.cn/cn/prod/resources/nprdimg/2016/11/17/14793506734463887_654X796.png,,,https://static.underarmour.cn/cn/prod/resources/nprdimg/2016/11/17/14793506810226793_654X796.png', 0, NULL, 1);
INSERT INTO `tb_goods` VALUES (23, 'DAME 7 EXTPLY Monsters 篮球运动鞋', 999, 1.00, 99, 'https://img.adidas.com.cn/resources/2021/9/23/16323826560305326.jpg?x-oss-process=image/resize,m_pad,w_500,h_500,limit_0,color_ffffff', '无论是篮球运动还是嘻哈，做到无人能及或许太难。Dame 7 EXTPLY系列，旨在融合达米安·利拉德（Damian Lillard）对篮球和嘻哈的热情。灵感来自音乐工作室，致敬达米安曲折向上的成长轨迹和坚韧不拔的篮球意志。这款Dame D.O.L.L.A篮球鞋，来自Dame 7系列，缀别致图案，灵感源自迪士尼皮克斯《怪物公司》中的吓人专家“萨利”（Sulley）。', 2, 'https://img.adidas.com.cn/resources/2021/9/23/16323826561644942.jpg?x-oss-process=image/resize,m_pad,w_500,h_500,limit_0,color_ffffff,,,https://img.adidas.com.cn/resources/2021/9/23/16323826563258255.jpg?x-oss-process=image/resize,m_pad,w_500,h_500,limit_0,color_ffffff,,,https://img.adidas.com.cn/resources/2021/9/23/16323826564798659.jpg?x-oss-process=image/resize,m_pad,w_500,h_500,limit_0,color_ffffff,,,https://img.adidas.com.cn/resources/2021/10/19/16346359161991311.jpg?x-oss-process=image/resize,m_pad,w_500,h_500,limit_0,color_ffffff', 34, '39,40,41,42,43,44,45,46.47.48', 1);
INSERT INTO `tb_goods` VALUES (24, 'D.O.N. Issue 3 Monsters 篮球运动鞋', 899, 1.00, 99, 'https://img.adidas.com.cn/resources/2021/9/3/1630648079276444.jpg?x-oss-process=image/resize,m_pad,w_500,h_500,limit_0,color_ffffff', 'adidas推出多诺万·米切尔（Donovan Mitchell）第三代签名篮球鞋系列，旨在致敬他成为出色篮球运动员的历程。各款D.O.N. Issue #3篮球鞋代表着米切尔追求卓越之路上的各个重要章节。从童年梦想到如今的联盟精英，多诺万·米切尔一步步走向不凡。这款D.O.N. Issue 3篮球鞋，饰别致印花，灵感来自迪士尼皮克斯《怪物公司》的惊吓专员“大眼仔迈克”（Mike Wazowski）。', 2, 'https://img.adidas.com.cn/resources/2021/9/3/16306480798427798.jpg?x-oss-process=image/resize,m_pad,w_500,h_500,limit_0,color_ffffff,,,https://img.adidas.com.cn/resources/2021/9/3/16306480800023928.jpg?x-oss-process=image/resize,m_pad,w_500,h_500,limit_0,color_ffffff,,,https://img.adidas.com.cn/resources/2021/9/3/16306494511207752.jpg?x-oss-process=image/resize,m_pad,w_500,h_500,limit_0,color_ffffff,,,https://img.adidas.com.cn/resources/2021/10/19/16346359416194969.jpg?x-oss-process=image/resize,m_pad,w_500,h_500,limit_0,color_ffffff', 24, '39,40,41,42,43,44,45,46.47.48', 1);
INSERT INTO `tb_goods` VALUES (25, 'FORUM EXHIBIT MID 三叶草木偶系列 经典运动鞋 Karoro', 1199, 1.00, 99, 'https://img.adidas.com.cn/resources/2021/10/20/16347133626669905.jpg?x-oss-process=image/resize,m_pad,w_500,h_500,limit_0,color_ffffff', 'adidas Forum鞋款，旨在助力展现个性。这款经典鞋，联手中国艺术家张权创办的Melting Sadness共同打造，融入该街头品牌兔子“Karoro”角色元素，力求为经典鞋款注入新意。', 2, 'https://img.adidas.com.cn/resources/2021/10/20/16347133633185101.jpg?x-oss-process=image/resize,m_pad,w_500,h_500,limit_0,color_ffffff,,,https://img.adidas.com.cn/resources/2021/10/20/16347133635573603.jpg?x-oss-process=image/resize,m_pad,w_500,h_500,limit_0,color_ffffff,,,https://img.adidas.com.cn/resources/2021/10/20/16347133639222635.jpg?x-oss-process=image/resize,m_pad,w_500,h_500,limit_0,color_ffffff,,,https://img.adidas.com.cn/resources/2021/10/20/16347133641232425.jpg?x-oss-process=image/resize,m_pad,w_500,h_500,limit_0,color_ffffff', 35, '39,40,41,42,43,44,45,46.47.48', 1);
INSERT INTO `tb_goods` VALUES (26, 'FORUM EXHIBIT MID 三叶草木偶系列 经典运动鞋 Babo', 1199, 1.00, 99, 'https://img.adidas.com.cn/resources/2021/10/20/16347133607585359.jpg?x-oss-process=image/resize,m_pad,w_500,h_500,limit_0,color_ffffff', '这款adidas Forum经典鞋，旨在助你展现个性。联手中国艺术家张权创办的Melting Sadness共同打造，融入该街头品牌小蜜蜂“Babo”角色元素，力求为经典鞋款注入新意。', 2, 'https://img.adidas.com.cn/resources/2021/10/20/16347133610817890.jpg?x-oss-process=image/resize,m_pad,w_500,h_500,limit_0,color_ffffff,,,https://img.adidas.com.cn/resources/2021/10/20/163471336130528.jpg?x-oss-process=image/resize,m_pad,w_500,h_500,limit_0,color_ffffff,,,https://img.adidas.com.cn/resources/2021/10/20/16347133615277353.jpg?x-oss-process=image/resize,m_pad,w_500,h_500,limit_0,color_ffffff,,,https://img.adidas.com.cn/resources/2021/10/20/16347133617655544.jpg?x-oss-process=image/resize,m_pad,w_500,h_500,limit_0,color_ffffff,,,https://img.adidas.com.cn/resources/2021/10/20/1634713362022555.jpg?x-oss-process=image/resize,m_pad,w_500,h_500,limit_0,color_ffffff', 22, '39,40,41,42,43,44,45,46.47.48', 1);
INSERT INTO `tb_goods` VALUES (27, 'adidas neo W CSMLY WB SMILEY笑脸联名新款春秋运动夹克外套', 599, 1.00, 99, 'https://img.adidas.com.cn/resources/2021/8/2/16278980841131617.JPG?x-oss-process=image/resize,m_pad,w_500,h_500,limit_0,color_ffffff', '我们都是人类，我们彼此联结。穿上这款风衣外套，或许你便可以理解“笑脸俱乐部”的这一理念。欢迎，很高兴认识你。', 1, 'https://img.adidas.com.cn/resources/2021/8/2/162789808431496.JPG?x-oss-process=image/resize,m_pad,w_500,h_500,limit_0,color_ffffff,,,https://img.adidas.com.cn/resources/2021/8/2/1627898084523183.JPG?x-oss-process=image/resize,m_pad,w_500,h_500,limit_0,color_ffffff,,,https://img.adidas.com.cn/resources/2021/8/2/1627898084523183.JPG?x-oss-process=image/resize,m_pad,w_500,h_500,limit_0,color_ffffff,,,https://img.adidas.com.cn/resources/2021/8/2/16278980849511266.JPG?x-oss-process=image/resize,m_pad,w_500,h_500,limit_0,color_ffffff', 13, 'S,M,L,XL,XXL,3XL', 1);
INSERT INTO `tb_goods` VALUES (28, 'adidas neo W SMLY SWT SMILEY笑脸联名新款春秋运动卫衣', 449, 1.00, 99, 'https://img.adidas.com.cn/resources/2021/8/2/16278945806821760.JPG?x-oss-process=image/resize,m_pad,w_500,h_500,limit_0,color_ffffff', '\r\n\r\n今天的任务：记得开心。这款adidas neo运动衫，缀笑脸图案，旨在为你带来好心情。你的快乐，不言而喻。穿着舒适，力求日常伴你左右。\r\n\r\n含棉质面料，穿着舒适。\r\n', 1, 'https://img.adidas.com.cn/resources/2021/8/2/16278945810562320.JPG?x-oss-process=image/resize,m_pad,w_500,h_500,limit_0,color_ffffff,,,https://img.adidas.com.cn/resources/2021/8/2/16278945812847895.JPG?x-oss-process=image/resize,m_pad,w_500,h_500,limit_0,color_ffffff,,,https://img.adidas.com.cn/resources/2021/8/2/16278945819397445.JPG?x-oss-process=image/resize,m_pad,w_500,h_500,limit_0,color_ffffff', 0, 'S,M,L,XL,XXL,3XL', 1);
INSERT INTO `tb_goods` VALUES (29, 'BT 3S RIB BRA 中强度运动内衣', 299, 1.00, 99, 'https://img.adidas.com.cn/resources/2020/12/31/16093974173856220.jpg?x-oss-process=image/resize,m_pad,w_500,h_500,limit_0,color_ffffff', '这款Believe This三条纹罗纹运动内衣，力求时尚、舒适和实用，旨在伴你锻炼。采用专注于运动表现的罗纹面料，搭配工字背设计，无论是瑜伽还是推举，助你活动自如。 ​\r\n\r\n搭载AEROREADY科技，后背采用半月形镂空设计，体感舒适。 ​\r\n\r\n弹力下围束带配标志性三条纹徽标，舒适有型。可搭配短裤，或外加一件背心，打造时尚的训练风格。 ', 1, 'https://img.adidas.com.cn/resources/2020/12/31/16093974178534291.jpg?x-oss-process=image/resize,m_pad,w_500,h_500,limit_0,color_ffffff,,,https://img.adidas.com.cn/resources/2020/12/31/16093974186852916.jpg?x-oss-process=image/resize,m_pad,w_500,h_500,limit_0,color_ffffff,,,https://img.adidas.com.cn/resources/2020/12/31/16093974193499173.jpg?x-oss-process=image/resize,m_pad,w_500,h_500,limit_0,color_ffffff', 0, 'S,M,L,XL,XXL,3XL', 1);
INSERT INTO `tb_goods` VALUES (30, 'adidas neo W SMLY HDY SMILEY笑脸联名新款运动连帽套头衫', 549, 1.00, 99, 'https://img.adidas.com.cn/resources/2021/8/2/16278945806241852.JPG?x-oss-process=image/resize,m_pad,w_500,h_500,limit_0,color_ffffff', '\r\n\r\n你可以把这款neo连帽衫看作“通行证”。穿上这款舒适的单品，加入Smiley俱乐部。采用针织面料，质感舒适。缀撞色三条纹，彰显纯正adidas风。\r\n\r\n含棉质面料，穿着舒适。部分采用再生材料打造，旨在减少塑料废弃物污染。\r\n\r\n\r\n你可以把这款neo连帽衫看作“通行证”。穿上这款舒适的单品，加入Smiley俱乐部。采用针织面料，质感舒适。缀撞色三条纹，彰显纯正adidas风。\r\n\r\n含棉质面料，穿着舒适。部分采用再生材料打造，旨在减少塑料废弃物污染。\r\n\r\n\r\n你可以把这款neo连帽衫看作“通行证”。穿上这款舒适的单品，加入Smiley俱乐部。采用针织面料，质感舒适。缀撞色三条纹，彰显纯正adidas风。\r\n\r\n含棉质面料，穿着舒适。部分采用再生材料打造，旨在减少塑料废弃物污染。\r\n\r\n\r\n你可以把这款neo连帽衫看作“通行证”。穿上这款舒适的单品，加入Smiley俱乐部。采用针织面料，质感舒适。缀撞色三条纹，彰显纯正adidas风。\r\n\r\n含棉质面料，穿着舒适。部分采用再生材料打造，旨在减少塑料废弃物污染。\r\n\r\n\r\n你可以把这款neo连帽衫看作“通行证”。穿上这款舒适的单品，加入Smiley俱乐部。采用针织面料，质感舒适。缀撞色三条纹，彰显纯正adidas风。\r\n\r\n含棉质面料，穿着舒适。部分采用再生材料打造，旨在减少塑料废弃物污染。\r\n', 1, 'https://img.adidas.com.cn/resources/2021/8/2/16278945810545854.JPG?x-oss-process=image/resize,m_pad,w_500,h_500,limit_0,color_ffffff,,,https://img.adidas.com.cn/resources/2021/8/2/16278945815279715.JPG?x-oss-process=image/resize,m_pad,w_500,h_500,limit_0,color_ffffff,,,https://img.adidas.com.cn/resources/2021/8/2/16278945825082425.JPG?x-oss-process=image/resize,m_pad,w_500,h_500,limit_0,color_ffffff', 0, 'S,M,L,XL,XXL,3XL', 1);
INSERT INTO `tb_goods` VALUES (31, 'UFC｜ VENUM AUTHENTIC格斗之夜男士短裤 - 黑色', 908, 1.00, 99, 'https://www.venum.com.cn/media/catalog/product/cache/3d6373dfdbd8bf7042581a31874a0831/7/d/7d4843b7db858c21616de38e71f05281b0d276ca_VNMUFC_00001_001_01F.jpg', '一体短裤剪裁采用了热粘合的侧缝，可提供且和地面运动的完全自由度。\r\n\r\n\r\n搏击短裤具有弹性的腰带，可确保在最激烈的交战中完美地保持在原位。\r\n\r\n \r\n\r\nVenum搏击之夜男装短裤是世界领先的混合武术组织UFC与自2005年以来在MMA中具有标志性结合具影响力的品牌Venum合作的成果。\r\n\r\n \r\n\r\n《搏击之夜》系列是VENUM x UFC系列的主要产品。这些精巧的服装将在UFC的所有比赛中由战斗参赛者穿着。', 1, 'https://www.venum.com.cn/media/catalog/product/cache/91981264edb3dd07a6a748b8e0dac630/8/4/842d78debb60b80db934881026456a907db09465_VNMUFC_00001_001_04B.jpg,,,https://www.venum.com.cn/media/catalog/product/cache/91981264edb3dd07a6a748b8e0dac630/e/9/e9f0f54cc1bb6aafe10786d5868e9ed53e37174a_VNMUFC_00001_001_02.jpg,,,https://www.venum.com.cn/media/catalog/product/cache/91981264edb3dd07a6a748b8e0dac630/6/c/6c3e6714a1065f7d5d787c21f84ff5837dafcbf9_VNMUFC_00001_001_09.jpg,,https://www.venum.com.cn/media/catalog/product/cache/91981264edb3dd07a6a748b8e0dac630/0/a/0af14a68ecf80f82875a84059fae4a4df6aaa460_VNMUFC_00001_001_08.jpg', 0, 'S,M,L,XL,XXL,3XL', 1);
INSERT INTO `tb_goods` VALUES (32, 'UFC｜ VENUM AUTHENTIC格斗周男士连帽卫衣 - 黑色', 548, 1.00, 99, 'https://www.venum.com.cn/media/catalog/product/cache/3d6373dfdbd8bf7042581a31874a0831/f/6/f665c1529b719557d3cc8b9bbad4232718d2da6c_VNMUFC_00047_001_01F.jpg', '\r\nVenum格斗周男装套头卫衣兼具舒适性和时尚感。\r\n\r\n搏击周运动衫是为运动员设计的：其网眼衬里兜帽可通风。棉混纺提供最大的舒适度和完全的运动自由度，非常适合热身\r\n\r\n这件运动衫有两种颜色，是MMA的两个历史性标志（Venum和UFC）之间独家合作的结晶。\r\n\r\n格斗周系列是战斗参赛者在战斗前的一周穿着的。这些引人注目的服装来自新的VENUM x UFC系列。', 1, 'https://www.venum.com.cn/media/catalog/product/cache/91981264edb3dd07a6a748b8e0dac630/4/d/4de4c23327e53a1d0905e755d83197486338fda4_VNMUFC_00047_001_03B.jpg,,,https://www.venum.com.cn/media/catalog/product/cache/91981264edb3dd07a6a748b8e0dac630/5/0/50ea9887c89a064ae82f823bea901c187a6720f3_VNMUFC_00047_001_02.jpg,,,https://www.venum.com.cn/media/catalog/product/cache/91981264edb3dd07a6a748b8e0dac630/8/d/8d6af3cd2b0b9a1c62a6918e698a760124582ec7_VNMUFC_00047_001_04.jpg', 0, 'S,M,L,XL,XXL,3XL', 1);
INSERT INTO `tb_goods` VALUES (33, 'Venum Giant 低帮拳击鞋', 1200, 1.00, 99, 'https://www.venum.com.cn/media/catalog/product/cache/3d6373dfdbd8bf7042581a31874a0831/2/4/248e5c8c987bc2af12762000aadfabb8178cf7ed_SHOES_LOW_GIANT_BLACK_GOLD_HD_01.jpg', '\r\n\r\n历经两年研发， VENUM 自豪地推出我们的第一款nbsp;职业拳击鞋。\r\n\r\n\r\n这款 Elite拳击鞋 是我们的产品工程师和#TeamVenum拳击冠军之间进行战略研究，开发和合作的成果。\r\n\r\n\r\n经过训练和现场比赛的考验，VENUM选手 Jorge Linares， Miguel Berchelt以及 Juan Francisco Estrada 已经率先体验过了这款nbsp;Venum Elite拳击鞋的支撑性，稳定性和抓地力。\r\n\r\n\r\n我们的目标不是平平常常的又一款市售 拳击鞋而已，而是 市面上最好的产品。\r\n\r\n\r\n鞋底是最复杂的部件之一。 虽然必须结合轻便，强度，稳定性和抓地力等特性，它还必须提供爆炸性支撑，以使拳击手可以在任何方向上快速移动。\r\n\r\n\r\n包含这些动态品质的同时，这款 Venum拳击鞋 必须为穿着者提供舒适感和保护。 鞋垫的设计非常适合脚的足弓，而又不会太笨重或不舒服。\r\n\r\n\r\n尽管是针对攻击者优化的鞋子，这款nbsp;Venum Elite 凭借其中切口轮廓提供的出色的侧踝支撑，使穿着者可以控制距离。防守者也可以简便实用。\r\n\r\n\r\n为了最大程度地提高舒适度，“蜂窝”网使脚部在最激烈的过程中也能呼吸，同时具有出色的耐久并延长了鞋子的使用寿命。\r\n\r\n\r\n尽管性能是设计的核心，但作为Venum产品，款式和设计并没有被遗忘。', 2, 'https://www.venum.com.cn/media/catalog/product/cache/91981264edb3dd07a6a748b8e0dac630/c/6/c63a49fc2624c92f1d716480fbd7828c6f3bf40e_SHOES_LOW_GIANT_BLACK_GOLD_HD_02.jpg,,,https://www.venum.com.cn/media/catalog/product/cache/91981264edb3dd07a6a748b8e0dac630/d/b/db767a1b1006f8386a0c24ad87f2564819858a9b_SHOES_LOW_GIANT_BLACK_GOLD_HD_04.jpg,,,https://www.venum.com.cn/media/catalog/product/cache/91981264edb3dd07a6a748b8e0dac630/2/9/296c173034756d56d17bfbe381fdb4def7a6b043_SHOES_LOW_GIANT_BLACK_GOLD_HD_05.jpg', 0, '39,40,41,42,43,44,45,46.47.48', 1);
INSERT INTO `tb_goods` VALUES (34, 'Venum Challenger Battle Ropes 战绳', 663, 1.00, 99, 'https://www.venum.com.cn/media/catalog/product/cache/3d6373dfdbd8bf7042581a31874a0831/9/1/9153b04ed136fceba34517be38ec74765aab9c5d_BATTLE_ROPE_9M_01_1.jpg', '\r\n\r\n本款Venum Giant踢靶是所有风格和类型拳手的必备器材。\r\n\r\n本 Venum Giant 踢靶配有软垫带和前臂支撑，可让教练获得最大的舒适度。\r\n\r\n借助其多层致密的泡沫垫，这款 Venum \"Giant\" 踢靶能在训练过程中吸收最重的脚踢，膝技和打击。', 2, 'https://www.venum.com.cn/media/catalog/product/cache/91981264edb3dd07a6a748b8e0dac630/3/b/3b09dd3aaa3483ab334dc16d1676e1812bb5046d_BATTLE_ROPE_09M_03_1.jpg,,,https://www.venum.com.cn/media/catalog/product/cache/91981264edb3dd07a6a748b8e0dac630/6/2/628ab232f56eb2f999a1e6b4caec9e562d38abda_BATTLE_ROPE_09M_04_1.jpg,,,https://www.venum.com.cn/media/catalog/product/cache/91981264edb3dd07a6a748b8e0dac630/b/4/b4916251c248be66f4d88b1422db3036a4095ff6_BATTLE_ROPE_09M_05_1.jpg', 0, NULL, 1);
INSERT INTO `tb_goods` VALUES (35, 'Venum Spirit灵魂按摩滚轮', 160, 1.00, 99, 'https://www.venum.com.cn/media/catalog/product/cache/3d6373dfdbd8bf7042581a31874a0831/a/9/a9c5578d3c4db34834c496a34d0d020b16443a79_DUAL_FOAM_ROLLER_BLACK_GREY_01_1.jpg', '我们的Venum Elite 头具对于那些寻求合适保护的人来说，就是他们的答案。\r\n\r\n为了提供最高质量的保护，这款 Elite 头具采用半皮革制成，可在一次次训练时在头部受到强烈的击打时提供舒适感。\r\n\r\n以其耐用性着称的Elite 头具具有三重密度泡沫，可更好地控制和吸收震动。\r\n\r\n头部和面部遮盖旨在结合完整的颅骨保护功能，同时保持对对手的180度视野。\r\n\r\n精英斗士总是在比赛中保持头部清醒', 2, 'https://www.venum.com.cn/media/catalog/product/cache/91981264edb3dd07a6a748b8e0dac630/7/c/7cee3605d932d14dddf5a434717358f47dfd9451_DUAL_FOAM_ROLLER_BLACK_GREY_02_1.jpg,,,https://www.venum.com.cn/media/catalog/product/cache/91981264edb3dd07a6a748b8e0dac630/9/f/9f9a95eb620e6127a23f1370ed8602cd7cfc5609_DUAL_FOAM_ROLLER_BLACK_GREY_03_1.jpg', 0, NULL, 1);
INSERT INTO `tb_goods` VALUES (36, 'MYPROTEIN 高蛋白巧克力抹酱 360g', 38, 1.00, 99, 'https://static.thgcdn.cn/images/large/webp//productimg/1600/1600/11691951-8324824869276820.jpg', '我们全新高蛋白巧克力抹酱能让您以简单而美味的方式达到每日蛋白质需求。不需要开火 - 只要打开烤面包机即可。\r\n高蛋白巧克力抹酱有什么好处？\r\n\r\n三种美味口味 - 牛奶巧克力、榛果和白巧克力 - 每100 克，这些抹酱提供22.6 克优质乳清蛋白浓缩物。\r\n\r\n让您的三明治和吐司更加美味，甚至可以用于烘烤甜点，充满蛋白质的营养替代品。', 3, NULL, 0, NULL, 1);
INSERT INTO `tb_goods` VALUES (37, 'MYPROTEIN 蛋白威化饼干', 148, 1.00, 99, 'https://static.thgcdn.cn/images/large/webp//productimg/1600/1600/10961187-3924873399068777.jpg', '这款蛋白质零食与超市在售的同类产品相比糖分含量低60%，脂肪含量低20%，不会让您的辛苦运动白白浪费。\r\n\r\n含高蛋白夹心，并添加乳制品和分离乳清蛋白，可满足您对甜食的渴望', 3, 'https://static.thgcdn.cn/images/small/webp//productimg/130/130/10961187-2024900808153583.jpg,,,https://static.thgcdn.cn/images/large/original//productimg/1600/1600/11157540-5954873343120577.jpg,,,https://static.thgcdn.cn/images/large/original//productimg/1600/1600/11157542-1764873343200716.jpg,,,https://static.thgcdn.cn/images/large/original//productimg/1600/1600/11157542-1764873343200716.jpg', 0, '香草味,巧克力榛子味,曲奇奶牛味,香草味', 1);
INSERT INTO `tb_goods` VALUES (38, 'MYPROTEIN 无糖调味糖浆', 28, 1.00, 99, 'https://static.thgcdn.cn/images/large/webp/productimg/1600/1600/11087104-1504620643821981.jpg', '我们的无糖糖浆是完美的早餐、小吃和甜点。甚至可以将早晨的粥变成甜食，而不用担心额外的卡路里。\r\n本产品由哪些好处？\r\n\r\n本产品’s 是一个轻易让您的饮食变得有趣的产品。 – 从12种甜味和果味风味中挑选– 苹果味 & 肉桂味、蓝莓味、 风味奶油、巧克力、热情果、咖啡味、黄金糖浆味、枫糖浆味、菠萝味B & 椰子味、蔓越莓味、草莓味、和香草味。\r\n\r\n提升口感而不会增加糖或脂肪。\r\n\r\n另外，挤压瓶使得任何东西简单和无污渍。', 3, 'https://static.thgcdn.cn/images/large/original/productimg/1600/1600/11087106-1814620643971372.jpg,,,https://static.thgcdn.cn/images/large/original/productimg/1600/1600/11087108-1314620644094045.jpg,,,https://static.thgcdn.cn/images/large/original/productimg/1600/1600/11087105-8404620643936410.jpg,,,https://static.thgcdn.cn/images/large/original//productimg/1600/1600/11087105-1364900808628063.jpg,,,https://static.thgcdn.cn/images/large/original//productimg/1600/1600/11087104-4004900808537505.jpg', 0, '枫糖味道,覆盆子味,奶油糖味,巧克力味', 1);
INSERT INTO `tb_goods` VALUES (40, 'MYPROTEIN 高蛋白蘸酱杯', 148, 1.00, 99, 'https://static.thgcdn.cn/images/large/webp/productimg/1600/1600/11781733-2034703359600122.jpg', '\r\n\r\n这款高蛋白蘸酱杯口感美味，将为您提供纯粹的蛋白质享受，任何人都可以用它来提高蛋白质摄入量。\r\n\r\n我们将柔滑牛奶巧克力味的蛋白质和酥脆的面包条相结合，是理想的美味搭配。\r\n\r\n此外，和超市在售的知名同类商品相比，这款产品的糖分含量低90%，让您享受美味的同时没有额外压力。\r\n', 3, 'https://static.thgcdn.cn/images/small/webp/productimg/130/130/11781733-1524703359680273.jpg,,,https://static.thgcdn.cn/images/small/webp/productimg/130/130/11781733-7044703359446057.jpg', 0, '巧克力牛奶味', 1);
INSERT INTO `tb_goods` VALUES (41, 'MYPROTEIN 纯天然杏仁 400g', 78, 1.00, 99, 'https://static.thgcdn.cn/images/large/webp/productimg/1600/1600/10530430-1394620647019465.jpg', '我们的纯天然杏仁为100% 纯天然，无任何添加盐或调味剂，是健康营养零食的完美选择。\r\n\r\n纯天然杏仁的益处\r\n\r\n杏仁是所有坚果中蛋白质含量最高的，对于任何饮食来说都是极有价值的补充品，含有特别丰富的单不饱和脂肪和油酸。\r\n\r\n纯天然杏仁的适用人群\r\n\r\n纯天然杏仁是适合所有人食用的高热量零食，是一款美味、高蛋白质的膳食补充品。', 3, NULL, 0, NULL, 1);
INSERT INTO `tb_goods` VALUES (42, 'MYPROTEIN 全天然腰果 400g', 108, 1.00, 99, 'https://static.thgcdn.cn/images/large/webp/productimg/1600/1600/10530483-1204628687452950.jpg', '腰果是一种口感极好，而且营养丰富的零食，含有丰富的“健康脂肪”、蛋白质和纤维。\r\n\r\n腰果的益处：\r\n\r\n具有“天然维生素丸”的美誉，腰果同时也是必需矿物质的极佳来源，含有丰富的铁、镁、硒、磷和铜。\r\n\r\n腰果包含零胆固醇，具有高水平的单不饱和脂肪酸。\r\n\r\n这些腰果为100% 纯天然，绝无添加盐或调味料，是健康营养零食的最佳选择。\r\n\r\n适用人群：\r\n\r\n适合需要将高蛋白质和卡路里的美味零食添加到饮食中的人食用。', 3, 'https://static.thgcdn.cn/images/large/webp//productimg/1600/1600/10530483-1724900808500338.jpg', 0, NULL, 1);
INSERT INTO `tb_goods` VALUES (43, 'MYPROTEIN BCAA 饮品 *6', 148, 1.00, 99, 'https://static.thgcdn.cn/images/large/original/productimg/1600/1600/11537724-1054620643814721.jpg', '\r\n\r\n混合了氨基酸、维生素 B 群和咖啡因，BCAA 能量饮不只提供您一天中所需的能量及精力，喝起来就像汽水，在炎炎夏日为您清凉解渴。\r\n\r\n而且它完全无糖，不含碳水化合物，有两种口味供您选择－樱桃可乐和综合莓果！\r\nBCAA 能量饮 的好处是什么？\r\n\r\n无论您的目标是什么，BCAA 能量饮都能够帮助您，每份含 180 毫克咖啡因 - 经实验证明可提高警觉性及专注力，进而提升整体训练成效。\r\n\r\n无论您是在寻找完美的预锻炼补剂，还是提神醒脑的咖啡替代品，BCAA 能量饮是适合您全天候的选择。\r\n\r\n每份含有 5 克 BCAAs（BCAA 是建构蛋白质的基石），同时含有维生素 B6 和 B12，有助于减轻疲劳和疲劳*。\r\n\r\n*每日摄入 3 克肌酸即可获得有益效果。\r\n\r\n*维生素 B6 有助于减轻疲劳和疲劳。\r\n\r\n*维生素 B12 有助于减轻疲劳和疲劳。\r\n\r\n*咖啡因被证明可以提高警觉并提高注意力。\r\n', 3, 'https://static.thgcdn.cn/images/large/original/productimg/1600/1600/11537725-1054620643933539.jpg,,,https://static.thgcdn.cn/images/large/original/productimg/1600/1600/11537725-1054620643933539.jpg,,,https://static.thgcdn.cn/images/large/original//productimg/1600/1600/11537724-1444900808286222.jpg', 5, '草莓覆盆子味,樱桃可乐味', 1);

-- ----------------------------
-- Table structure for tb_order
-- ----------------------------
DROP TABLE IF EXISTS `tb_order`;
CREATE TABLE `tb_order`  (
  `id` varchar(100) CHARACTER SET utf8 COLLATE utf8_bin NOT NULL,
  `uid` int(11) NOT NULL COMMENT '用户id',
  `lid` varchar(40) CHARACTER SET utf8 COLLATE utf8_bin NULL DEFAULT NULL COMMENT '物流订单号',
  `total` decimal(10, 2) NULL DEFAULT NULL COMMENT '总价',
  `status` int(2) NULL DEFAULT 0 COMMENT '订单状态 0-未支付 1-未发货 2-已发货 3-已签收 4-已退款 5-已取消',
  `orderTime` datetime(0) NULL DEFAULT NULL COMMENT '下单时间',
  `payTime` datetime(0) NULL DEFAULT NULL COMMENT '付款时间',
  `address` varchar(255) CHARACTER SET utf8 COLLATE utf8_bin NULL DEFAULT NULL COMMENT '收货地址',
  `name` varchar(20) CHARACTER SET utf8 COLLATE utf8_bin NULL DEFAULT NULL COMMENT '收货人',
  `phone` varchar(20) CHARACTER SET utf8 COLLATE utf8_bin NULL DEFAULT NULL COMMENT '电话号码',
  PRIMARY KEY (`id`) USING BTREE
) ENGINE = InnoDB CHARACTER SET = utf8 COLLATE = utf8_bin ROW_FORMAT = Dynamic;


-- ----------------------------
-- Table structure for tb_orderdetail
-- ----------------------------
DROP TABLE IF EXISTS `tb_orderdetail`;
CREATE TABLE `tb_orderdetail`  (
  `id` int(11) NOT NULL AUTO_INCREMENT,
  `oid` varchar(100) CHARACTER SET utf8 COLLATE utf8_bin NULL DEFAULT NULL COMMENT '订单号id',
  `gid` int(11) NULL DEFAULT NULL COMMENT '商品id',
  `quantity` int(11) NULL DEFAULT NULL COMMENT '数量',
  `price` decimal(10, 2) NULL DEFAULT NULL COMMENT '价格',
  `size` varbinary(20) NULL DEFAULT NULL COMMENT '尺寸/规格',
  PRIMARY KEY (`id`) USING BTREE
) ENGINE = InnoDB AUTO_INCREMENT = 77 CHARACTER SET = utf8 COLLATE = utf8_bin ROW_FORMAT = Dynamic;



-- ----------------------------
-- Table structure for tb_user
-- ----------------------------
DROP TABLE IF EXISTS `tb_user`;
CREATE TABLE `tb_user`  (
  `id` int(11) NOT NULL AUTO_INCREMENT,
  `username` varchar(20) CHARACTER SET utf8 COLLATE utf8_bin NULL DEFAULT NULL COMMENT '用户名',
  `password` varchar(35) CHARACTER SET utf8 COLLATE utf8_bin NULL DEFAULT NULL COMMENT '密码',
  `email` varchar(50) CHARACTER SET utf8 COLLATE utf8_bin NULL DEFAULT NULL COMMENT '邮箱',
  `gender` int(2) NULL DEFAULT NULL COMMENT '性别 0-女,1-男',
  `flag` int(2) NULL DEFAULT 0 COMMENT '激活信息 0-未激活,1-已激活',
  `role` int(2) NULL DEFAULT 0 COMMENT '角色信息:0-普通用户,1-管理员',
  `code` varchar(100) CHARACTER SET utf8 COLLATE utf8_bin NULL DEFAULT NULL COMMENT '激活码',
  `balance` decimal(11, 2) UNSIGNED NULL DEFAULT 0.00 COMMENT '余额',
  PRIMARY KEY (`id`) USING BTREE
) ENGINE = InnoDB AUTO_INCREMENT = 31 CHARACTER SET = utf8 COLLATE = utf8_bin ROW_FORMAT = Dynamic;


SET FOREIGN_KEY_CHECKS = 1;
